network,scan,step,filter,aggregation,model,aggregation_time
merged_f1_t0,merged,0,1,0,NETSPA,0
merged_f1_t0,merged,0,1,0,TVA,0
merged_f1_t0,merged,0,1,0,MULTI,0
merged_f1_t0,merged,0,1,1,NETSPA,0.005031700013205409
merged_f1_t0,merged,0,1,1,TVA,0.005031700013205409
merged_f1_t0,merged,0,1,1,MULTI,0.005031700013205409
merged_f1_t0,merged,0,1,2,NETSPA,0.0064178000029642135
merged_f1_t0,merged,0,1,2,TVA,0.0064178000029642135
merged_f1_t0,merged,0,1,2,MULTI,0.0064178000029642135
merged_f1_t0,merged,0,1,3,NETSPA,0.011878699995577335
merged_f1_t0,merged,0,1,3,TVA,0.011878699995577335
merged_f1_t0,merged,0,1,3,MULTI,0.011878699995577335
merged_f1_t10,merged,10,1,0,NETSPA,0
merged_f1_t10,merged,10,1,0,TVA,0
merged_f1_t10,merged,10,1,0,MULTI,0
merged_f1_t10,merged,10,1,1,NETSPA,0.005435099999886006
merged_f1_t10,merged,10,1,1,TVA,0.005435099999886006
merged_f1_t10,merged,10,1,1,MULTI,0.005435099999886006
merged_f1_t10,merged,10,1,2,NETSPA,0.0069466000131797045
merged_f1_t10,merged,10,1,2,TVA,0.0069466000131797045
merged_f1_t10,merged,10,1,2,MULTI,0.0069466000131797045
merged_f1_t10,merged,10,1,3,NETSPA,0.004314299992984161
merged_f1_t10,merged,10,1,3,TVA,0.004314299992984161
merged_f1_t10,merged,10,1,3,MULTI,0.004314299992984161
merged_f1_t100,merged,100,1,0,NETSPA,0
merged_f1_t100,merged,100,1,0,TVA,0
merged_f1_t100,merged,100,1,0,MULTI,0
merged_f1_t100,merged,100,1,1,NETSPA,0.004992799978936091
merged_f1_t100,merged,100,1,1,TVA,0.004992799978936091
merged_f1_t100,merged,100,1,1,MULTI,0.004992799978936091
merged_f1_t100,merged,100,1,2,NETSPA,0.010125000000698492
merged_f1_t100,merged,100,1,2,TVA,0.010125000000698492
merged_f1_t100,merged,100,1,2,MULTI,0.010125000000698492
merged_f1_t100,merged,100,1,3,NETSPA,0.0057517999957781285
merged_f1_t100,merged,100,1,3,TVA,0.0057517999957781285
merged_f1_t100,merged,100,1,3,MULTI,0.0057517999957781285
merged_f1_t110,merged,110,1,0,NETSPA,0
merged_f1_t110,merged,110,1,0,TVA,0
merged_f1_t110,merged,110,1,0,MULTI,0
merged_f1_t110,merged,110,1,1,NETSPA,0.0032386000093538314
merged_f1_t110,merged,110,1,1,TVA,0.0032386000093538314
merged_f1_t110,merged,110,1,1,MULTI,0.0032386000093538314
merged_f1_t110,merged,110,1,2,NETSPA,0.009523100015940145
merged_f1_t110,merged,110,1,2,TVA,0.009523100015940145
merged_f1_t110,merged,110,1,2,MULTI,0.009523100015940145
merged_f1_t110,merged,110,1,3,NETSPA,0.003874699992593378
merged_f1_t110,merged,110,1,3,TVA,0.003874699992593378
merged_f1_t110,merged,110,1,3,MULTI,0.003874699992593378
merged_f1_t120,merged,120,1,0,NETSPA,0
merged_f1_t120,merged,120,1,0,TVA,0
merged_f1_t120,merged,120,1,0,MULTI,0
merged_f1_t120,merged,120,1,1,NETSPA,0.005088400008389726
merged_f1_t120,merged,120,1,1,TVA,0.005088400008389726
merged_f1_t120,merged,120,1,1,MULTI,0.005088400008389726
merged_f1_t120,merged,120,1,2,NETSPA,0.011293699993984774
merged_f1_t120,merged,120,1,2,TVA,0.011293699993984774
merged_f1_t120,merged,120,1,2,MULTI,0.011293699993984774
merged_f1_t120,merged,120,1,3,NETSPA,0.00699470000108704
merged_f1_t120,merged,120,1,3,TVA,0.00699470000108704
merged_f1_t120,merged,120,1,3,MULTI,0.00699470000108704
merged_f1_t130,merged,130,1,0,NETSPA,0
merged_f1_t130,merged,130,1,0,TVA,0
merged_f1_t130,merged,130,1,0,MULTI,0
merged_f1_t130,merged,130,1,1,NETSPA,0.0031518999894615263
merged_f1_t130,merged,130,1,1,TVA,0.0031518999894615263
merged_f1_t130,merged,130,1,1,MULTI,0.0031518999894615263
merged_f1_t130,merged,130,1,2,NETSPA,0.010282200004439801
merged_f1_t130,merged,130,1,2,TVA,0.010282200004439801
merged_f1_t130,merged,130,1,2,MULTI,0.010282200004439801
merged_f1_t130,merged,130,1,3,NETSPA,0.006619699997827411
merged_f1_t130,merged,130,1,3,TVA,0.006619699997827411
merged_f1_t130,merged,130,1,3,MULTI,0.006619699997827411
merged_f1_t140,merged,140,1,0,NETSPA,0
merged_f1_t140,merged,140,1,0,TVA,0
merged_f1_t140,merged,140,1,0,MULTI,0
merged_f1_t140,merged,140,1,1,NETSPA,0.004779800015967339
merged_f1_t140,merged,140,1,1,TVA,0.004779800015967339
merged_f1_t140,merged,140,1,1,MULTI,0.004779800015967339
merged_f1_t140,merged,140,1,2,NETSPA,0.0056007000093813986
merged_f1_t140,merged,140,1,2,TVA,0.0056007000093813986
merged_f1_t140,merged,140,1,2,MULTI,0.0056007000093813986
merged_f1_t140,merged,140,1,3,NETSPA,0.00639460000093095
merged_f1_t140,merged,140,1,3,TVA,0.00639460000093095
merged_f1_t140,merged,140,1,3,MULTI,0.00639460000093095
merged_f1_t150,merged,150,1,0,NETSPA,0
merged_f1_t150,merged,150,1,0,TVA,0
merged_f1_t150,merged,150,1,0,MULTI,0
merged_f1_t150,merged,150,1,1,NETSPA,0.004311000026063994
merged_f1_t150,merged,150,1,1,TVA,0.004311000026063994
merged_f1_t150,merged,150,1,1,MULTI,0.004311000026063994
merged_f1_t150,merged,150,1,2,NETSPA,0.010356100014178082
merged_f1_t150,merged,150,1,2,TVA,0.010356100014178082
merged_f1_t150,merged,150,1,2,MULTI,0.010356100014178082
merged_f1_t150,merged,150,1,3,NETSPA,0.00518120001652278
merged_f1_t150,merged,150,1,3,TVA,0.00518120001652278
merged_f1_t150,merged,150,1,3,MULTI,0.00518120001652278
merged_f1_t160,merged,160,1,0,NETSPA,0
merged_f1_t160,merged,160,1,0,TVA,0
merged_f1_t160,merged,160,1,0,MULTI,0
merged_f1_t160,merged,160,1,1,NETSPA,0.0048420999955851585
merged_f1_t160,merged,160,1,1,TVA,0.0048420999955851585
merged_f1_t160,merged,160,1,1,MULTI,0.0048420999955851585
merged_f1_t160,merged,160,1,2,NETSPA,0.009256499994080514
merged_f1_t160,merged,160,1,2,TVA,0.009256499994080514
merged_f1_t160,merged,160,1,2,MULTI,0.009256499994080514
merged_f1_t160,merged,160,1,3,NETSPA,0.005383100011385977
merged_f1_t160,merged,160,1,3,TVA,0.005383100011385977
merged_f1_t160,merged,160,1,3,MULTI,0.005383100011385977
merged_f1_t170,merged,170,1,0,NETSPA,0
merged_f1_t170,merged,170,1,0,TVA,0
merged_f1_t170,merged,170,1,0,MULTI,0
merged_f1_t170,merged,170,1,1,NETSPA,0.0032072000030893832
merged_f1_t170,merged,170,1,1,TVA,0.0032072000030893832
merged_f1_t170,merged,170,1,1,MULTI,0.0032072000030893832
merged_f1_t170,merged,170,1,2,NETSPA,0.009693100000731647
merged_f1_t170,merged,170,1,2,TVA,0.009693100000731647
merged_f1_t170,merged,170,1,2,MULTI,0.009693100000731647
merged_f1_t170,merged,170,1,3,NETSPA,0.0049144999939017
merged_f1_t170,merged,170,1,3,TVA,0.0049144999939017
merged_f1_t170,merged,170,1,3,MULTI,0.0049144999939017
merged_f1_t180,merged,180,1,0,NETSPA,0
merged_f1_t180,merged,180,1,0,TVA,0
merged_f1_t180,merged,180,1,0,MULTI,0
merged_f1_t180,merged,180,1,1,NETSPA,0.004976399999577552
merged_f1_t180,merged,180,1,1,TVA,0.004976399999577552
merged_f1_t180,merged,180,1,1,MULTI,0.004976399999577552
merged_f1_t180,merged,180,1,2,NETSPA,0.008498799987137318
merged_f1_t180,merged,180,1,2,TVA,0.008498799987137318
merged_f1_t180,merged,180,1,2,MULTI,0.008498799987137318
merged_f1_t180,merged,180,1,3,NETSPA,0.004316999984439462
merged_f1_t180,merged,180,1,3,TVA,0.004316999984439462
merged_f1_t180,merged,180,1,3,MULTI,0.004316999984439462
merged_f1_t190,merged,190,1,0,NETSPA,0
merged_f1_t190,merged,190,1,0,TVA,0
merged_f1_t190,merged,190,1,0,MULTI,0
merged_f1_t190,merged,190,1,1,NETSPA,0.005883899983018637
merged_f1_t190,merged,190,1,1,TVA,0.005883899983018637
merged_f1_t190,merged,190,1,1,MULTI,0.005883899983018637
merged_f1_t190,merged,190,1,2,NETSPA,0.010131699993507937
merged_f1_t190,merged,190,1,2,TVA,0.010131699993507937
merged_f1_t190,merged,190,1,2,MULTI,0.010131699993507937
merged_f1_t190,merged,190,1,3,NETSPA,0.0062636999937240034
merged_f1_t190,merged,190,1,3,TVA,0.0062636999937240034
merged_f1_t190,merged,190,1,3,MULTI,0.0062636999937240034
merged_f1_t20,merged,20,1,0,NETSPA,0
merged_f1_t20,merged,20,1,0,TVA,0
merged_f1_t20,merged,20,1,0,MULTI,0
merged_f1_t20,merged,20,1,1,NETSPA,0.005199299979722127
merged_f1_t20,merged,20,1,1,TVA,0.005199299979722127
merged_f1_t20,merged,20,1,1,MULTI,0.005199299979722127
merged_f1_t20,merged,20,1,2,NETSPA,0.011445100011769682
merged_f1_t20,merged,20,1,2,TVA,0.011445100011769682
merged_f1_t20,merged,20,1,2,MULTI,0.011445100011769682
merged_f1_t20,merged,20,1,3,NETSPA,0.007176400016760454
merged_f1_t20,merged,20,1,3,TVA,0.007176400016760454
merged_f1_t20,merged,20,1,3,MULTI,0.007176400016760454
merged_f1_t200,merged,200,1,0,NETSPA,0
merged_f1_t200,merged,200,1,0,TVA,0
merged_f1_t200,merged,200,1,0,MULTI,0
merged_f1_t200,merged,200,1,1,NETSPA,0.005182799999602139
merged_f1_t200,merged,200,1,1,TVA,0.005182799999602139
merged_f1_t200,merged,200,1,1,MULTI,0.005182799999602139
merged_f1_t200,merged,200,1,2,NETSPA,0.013323899998795241
merged_f1_t200,merged,200,1,2,TVA,0.013323899998795241
merged_f1_t200,merged,200,1,2,MULTI,0.013323899998795241
merged_f1_t200,merged,200,1,3,NETSPA,0.00639599998248741
merged_f1_t200,merged,200,1,3,TVA,0.00639599998248741
merged_f1_t200,merged,200,1,3,MULTI,0.00639599998248741
merged_f1_t210,merged,210,1,0,NETSPA,0
merged_f1_t210,merged,210,1,0,TVA,0
merged_f1_t210,merged,210,1,0,MULTI,0
merged_f1_t210,merged,210,1,1,NETSPA,0.0051195000123698264
merged_f1_t210,merged,210,1,1,TVA,0.0051195000123698264
merged_f1_t210,merged,210,1,1,MULTI,0.0051195000123698264
merged_f1_t210,merged,210,1,2,NETSPA,0.008533599990187213
merged_f1_t210,merged,210,1,2,TVA,0.008533599990187213
merged_f1_t210,merged,210,1,2,MULTI,0.008533599990187213
merged_f1_t210,merged,210,1,3,NETSPA,0.006017600011546165
merged_f1_t210,merged,210,1,3,TVA,0.006017600011546165
merged_f1_t210,merged,210,1,3,MULTI,0.006017600011546165
merged_f1_t220,merged,220,1,0,NETSPA,0
merged_f1_t220,merged,220,1,0,TVA,0
merged_f1_t220,merged,220,1,0,MULTI,0
merged_f1_t220,merged,220,1,1,NETSPA,0.004525800002738833
merged_f1_t220,merged,220,1,1,TVA,0.004525800002738833
merged_f1_t220,merged,220,1,1,MULTI,0.004525800002738833
merged_f1_t220,merged,220,1,2,NETSPA,0.00853389999247156
merged_f1_t220,merged,220,1,2,TVA,0.00853389999247156
merged_f1_t220,merged,220,1,2,MULTI,0.00853389999247156
merged_f1_t220,merged,220,1,3,NETSPA,0.004969400004483759
merged_f1_t220,merged,220,1,3,TVA,0.004969400004483759
merged_f1_t220,merged,220,1,3,MULTI,0.004969400004483759
merged_f1_t230,merged,230,1,0,NETSPA,0
merged_f1_t230,merged,230,1,0,TVA,0
merged_f1_t230,merged,230,1,0,MULTI,0
merged_f1_t230,merged,230,1,1,NETSPA,0.0051469999889377505
merged_f1_t230,merged,230,1,1,TVA,0.0051469999889377505
merged_f1_t230,merged,230,1,1,MULTI,0.0051469999889377505
merged_f1_t230,merged,230,1,2,NETSPA,0.011357000010320917
merged_f1_t230,merged,230,1,2,TVA,0.011357000010320917
merged_f1_t230,merged,230,1,2,MULTI,0.011357000010320917
merged_f1_t230,merged,230,1,3,NETSPA,0.0064990000100806355
merged_f1_t230,merged,230,1,3,TVA,0.0064990000100806355
merged_f1_t230,merged,230,1,3,MULTI,0.0064990000100806355
merged_f1_t240,merged,240,1,0,NETSPA,0
merged_f1_t240,merged,240,1,0,TVA,0
merged_f1_t240,merged,240,1,0,MULTI,0
merged_f1_t240,merged,240,1,1,NETSPA,0.005336300004273653
merged_f1_t240,merged,240,1,1,TVA,0.005336300004273653
merged_f1_t240,merged,240,1,1,MULTI,0.005336300004273653
merged_f1_t240,merged,240,1,2,NETSPA,0.009535100020002574
merged_f1_t240,merged,240,1,2,TVA,0.009535100020002574
merged_f1_t240,merged,240,1,2,MULTI,0.009535100020002574
merged_f1_t240,merged,240,1,3,NETSPA,0.005445899994811043
merged_f1_t240,merged,240,1,3,TVA,0.005445899994811043
merged_f1_t240,merged,240,1,3,MULTI,0.005445899994811043
merged_f1_t250,merged,250,1,0,NETSPA,0
merged_f1_t250,merged,250,1,0,TVA,0
merged_f1_t250,merged,250,1,0,MULTI,0
merged_f1_t250,merged,250,1,1,NETSPA,0.004417100019054487
merged_f1_t250,merged,250,1,1,TVA,0.004417100019054487
merged_f1_t250,merged,250,1,1,MULTI,0.004417100019054487
merged_f1_t250,merged,250,1,2,NETSPA,0.01086459998623468
merged_f1_t250,merged,250,1,2,TVA,0.01086459998623468
merged_f1_t250,merged,250,1,2,MULTI,0.01086459998623468
merged_f1_t250,merged,250,1,3,NETSPA,0.005105699994601309
merged_f1_t250,merged,250,1,3,TVA,0.005105699994601309
merged_f1_t250,merged,250,1,3,MULTI,0.005105699994601309
merged_f1_t260,merged,260,1,0,NETSPA,0
merged_f1_t260,merged,260,1,0,TVA,0
merged_f1_t260,merged,260,1,0,MULTI,0
merged_f1_t260,merged,260,1,1,NETSPA,0.005614900001091883
merged_f1_t260,merged,260,1,1,TVA,0.005614900001091883
merged_f1_t260,merged,260,1,1,MULTI,0.005614900001091883
merged_f1_t260,merged,260,1,2,NETSPA,0.00587009999435395
merged_f1_t260,merged,260,1,2,TVA,0.00587009999435395
merged_f1_t260,merged,260,1,2,MULTI,0.00587009999435395
merged_f1_t260,merged,260,1,3,NETSPA,0.008185699989553541
merged_f1_t260,merged,260,1,3,TVA,0.008185699989553541
merged_f1_t260,merged,260,1,3,MULTI,0.008185699989553541
merged_f1_t270,merged,270,1,0,NETSPA,0
merged_f1_t270,merged,270,1,0,TVA,0
merged_f1_t270,merged,270,1,0,MULTI,0
merged_f1_t270,merged,270,1,1,NETSPA,0.0034694999922066927
merged_f1_t270,merged,270,1,1,TVA,0.0034694999922066927
merged_f1_t270,merged,270,1,1,MULTI,0.0034694999922066927
merged_f1_t270,merged,270,1,2,NETSPA,0.006241199997020885
merged_f1_t270,merged,270,1,2,TVA,0.006241199997020885
merged_f1_t270,merged,270,1,2,MULTI,0.006241199997020885
merged_f1_t270,merged,270,1,3,NETSPA,0.005442800000309944
merged_f1_t270,merged,270,1,3,TVA,0.005442800000309944
merged_f1_t270,merged,270,1,3,MULTI,0.005442800000309944
merged_f1_t280,merged,280,1,0,NETSPA,0
merged_f1_t280,merged,280,1,0,TVA,0
merged_f1_t280,merged,280,1,0,MULTI,0
merged_f1_t280,merged,280,1,1,NETSPA,0.004686800006311387
merged_f1_t280,merged,280,1,1,TVA,0.004686800006311387
merged_f1_t280,merged,280,1,1,MULTI,0.004686800006311387
merged_f1_t280,merged,280,1,2,NETSPA,0.014101800014032051
merged_f1_t280,merged,280,1,2,TVA,0.014101800014032051
merged_f1_t280,merged,280,1,2,MULTI,0.014101800014032051
merged_f1_t280,merged,280,1,3,NETSPA,0.006249099998967722
merged_f1_t280,merged,280,1,3,TVA,0.006249099998967722
merged_f1_t280,merged,280,1,3,MULTI,0.006249099998967722
merged_f1_t290,merged,290,1,0,NETSPA,0
merged_f1_t290,merged,290,1,0,TVA,0
merged_f1_t290,merged,290,1,0,MULTI,0
merged_f1_t290,merged,290,1,1,NETSPA,0.0050304999749641865
merged_f1_t290,merged,290,1,1,TVA,0.0050304999749641865
merged_f1_t290,merged,290,1,1,MULTI,0.0050304999749641865
merged_f1_t290,merged,290,1,2,NETSPA,0.011336199997458607
merged_f1_t290,merged,290,1,2,TVA,0.011336199997458607
merged_f1_t290,merged,290,1,2,MULTI,0.011336199997458607
merged_f1_t290,merged,290,1,3,NETSPA,0.013969099993119016
merged_f1_t290,merged,290,1,3,TVA,0.013969099993119016
merged_f1_t290,merged,290,1,3,MULTI,0.013969099993119016
merged_f1_t30,merged,30,1,0,NETSPA,0
merged_f1_t30,merged,30,1,0,TVA,0
merged_f1_t30,merged,30,1,0,MULTI,0
merged_f1_t30,merged,30,1,1,NETSPA,0.004282599984435365
merged_f1_t30,merged,30,1,1,TVA,0.004282599984435365
merged_f1_t30,merged,30,1,1,MULTI,0.004282599984435365
merged_f1_t30,merged,30,1,2,NETSPA,0.00990609999280423
merged_f1_t30,merged,30,1,2,TVA,0.00990609999280423
merged_f1_t30,merged,30,1,2,MULTI,0.00990609999280423
merged_f1_t30,merged,30,1,3,NETSPA,0.006278399989241734
merged_f1_t30,merged,30,1,3,TVA,0.006278399989241734
merged_f1_t30,merged,30,1,3,MULTI,0.006278399989241734
merged_f1_t300,merged,300,1,0,NETSPA,0
merged_f1_t300,merged,300,1,0,TVA,0
merged_f1_t300,merged,300,1,0,MULTI,0
merged_f1_t300,merged,300,1,1,NETSPA,0.005128200020408258
merged_f1_t300,merged,300,1,1,TVA,0.005128200020408258
merged_f1_t300,merged,300,1,1,MULTI,0.005128200020408258
merged_f1_t300,merged,300,1,2,NETSPA,0.009944199991878122
merged_f1_t300,merged,300,1,2,TVA,0.009944199991878122
merged_f1_t300,merged,300,1,2,MULTI,0.009944199991878122
merged_f1_t300,merged,300,1,3,NETSPA,0.005416500003775582
merged_f1_t300,merged,300,1,3,TVA,0.005416500003775582
merged_f1_t300,merged,300,1,3,MULTI,0.005416500003775582
merged_f1_t310,merged,310,1,0,NETSPA,0
merged_f1_t310,merged,310,1,0,TVA,0
merged_f1_t310,merged,310,1,0,MULTI,0
merged_f1_t310,merged,310,1,1,NETSPA,0.0036395000061020255
merged_f1_t310,merged,310,1,1,TVA,0.0036395000061020255
merged_f1_t310,merged,310,1,1,MULTI,0.0036395000061020255
merged_f1_t310,merged,310,1,2,NETSPA,0.007041400007437915
merged_f1_t310,merged,310,1,2,TVA,0.007041400007437915
merged_f1_t310,merged,310,1,2,MULTI,0.007041400007437915
merged_f1_t310,merged,310,1,3,NETSPA,0.005081999988760799
merged_f1_t310,merged,310,1,3,TVA,0.005081999988760799
merged_f1_t310,merged,310,1,3,MULTI,0.005081999988760799
merged_f1_t320,merged,320,1,0,NETSPA,0
merged_f1_t320,merged,320,1,0,TVA,0
merged_f1_t320,merged,320,1,0,MULTI,0
merged_f1_t320,merged,320,1,1,NETSPA,0.0032337000011466444
merged_f1_t320,merged,320,1,1,TVA,0.0032337000011466444
merged_f1_t320,merged,320,1,1,MULTI,0.0032337000011466444
merged_f1_t320,merged,320,1,2,NETSPA,0.01168250001501292
merged_f1_t320,merged,320,1,2,TVA,0.01168250001501292
merged_f1_t320,merged,320,1,2,MULTI,0.01168250001501292
merged_f1_t320,merged,320,1,3,NETSPA,0.005479700019350275
merged_f1_t320,merged,320,1,3,TVA,0.005479700019350275
merged_f1_t320,merged,320,1,3,MULTI,0.005479700019350275
merged_f1_t330,merged,330,1,0,NETSPA,0
merged_f1_t330,merged,330,1,0,TVA,0
merged_f1_t330,merged,330,1,0,MULTI,0
merged_f1_t330,merged,330,1,1,NETSPA,0.004010100004961714
merged_f1_t330,merged,330,1,1,TVA,0.004010100004961714
merged_f1_t330,merged,330,1,1,MULTI,0.004010100004961714
merged_f1_t330,merged,330,1,2,NETSPA,0.006001000001560897
merged_f1_t330,merged,330,1,2,TVA,0.006001000001560897
merged_f1_t330,merged,330,1,2,MULTI,0.006001000001560897
merged_f1_t330,merged,330,1,3,NETSPA,0.0035247000050731003
merged_f1_t330,merged,330,1,3,TVA,0.0035247000050731003
merged_f1_t330,merged,330,1,3,MULTI,0.0035247000050731003
merged_f1_t340,merged,340,1,0,NETSPA,0
merged_f1_t340,merged,340,1,0,TVA,0
merged_f1_t340,merged,340,1,0,MULTI,0
merged_f1_t340,merged,340,1,1,NETSPA,0.004219900001771748
merged_f1_t340,merged,340,1,1,TVA,0.004219900001771748
merged_f1_t340,merged,340,1,1,MULTI,0.004219900001771748
merged_f1_t340,merged,340,1,2,NETSPA,0.01153709998470731
merged_f1_t340,merged,340,1,2,TVA,0.01153709998470731
merged_f1_t340,merged,340,1,2,MULTI,0.01153709998470731
merged_f1_t340,merged,340,1,3,NETSPA,0.0035133000055793673
merged_f1_t340,merged,340,1,3,TVA,0.0035133000055793673
merged_f1_t340,merged,340,1,3,MULTI,0.0035133000055793673
merged_f1_t350,merged,350,1,0,NETSPA,0
merged_f1_t350,merged,350,1,0,TVA,0
merged_f1_t350,merged,350,1,0,MULTI,0
merged_f1_t350,merged,350,1,1,NETSPA,0.004183300014119595
merged_f1_t350,merged,350,1,1,TVA,0.004183300014119595
merged_f1_t350,merged,350,1,1,MULTI,0.004183300014119595
merged_f1_t350,merged,350,1,2,NETSPA,0.008880600013071671
merged_f1_t350,merged,350,1,2,TVA,0.008880600013071671
merged_f1_t350,merged,350,1,2,MULTI,0.008880600013071671
merged_f1_t350,merged,350,1,3,NETSPA,0.004999199998565018
merged_f1_t350,merged,350,1,3,TVA,0.004999199998565018
merged_f1_t350,merged,350,1,3,MULTI,0.004999199998565018
merged_f1_t360,merged,360,1,0,NETSPA,0
merged_f1_t360,merged,360,1,0,TVA,0
merged_f1_t360,merged,360,1,0,MULTI,0
merged_f1_t360,merged,360,1,1,NETSPA,0.004094300005817786
merged_f1_t360,merged,360,1,1,TVA,0.004094300005817786
merged_f1_t360,merged,360,1,1,MULTI,0.004094300005817786
merged_f1_t360,merged,360,1,2,NETSPA,0.012434200005372986
merged_f1_t360,merged,360,1,2,TVA,0.012434200005372986
merged_f1_t360,merged,360,1,2,MULTI,0.012434200005372986
merged_f1_t360,merged,360,1,3,NETSPA,0.004185800004051998
merged_f1_t360,merged,360,1,3,TVA,0.004185800004051998
merged_f1_t360,merged,360,1,3,MULTI,0.004185800004051998
merged_f1_t370,merged,370,1,0,NETSPA,0
merged_f1_t370,merged,370,1,0,TVA,0
merged_f1_t370,merged,370,1,0,MULTI,0
merged_f1_t370,merged,370,1,1,NETSPA,0.007589899993035942
merged_f1_t370,merged,370,1,1,TVA,0.007589899993035942
merged_f1_t370,merged,370,1,1,MULTI,0.007589899993035942
merged_f1_t370,merged,370,1,2,NETSPA,0.009633899986511096
merged_f1_t370,merged,370,1,2,TVA,0.009633899986511096
merged_f1_t370,merged,370,1,2,MULTI,0.009633899986511096
merged_f1_t370,merged,370,1,3,NETSPA,0.003850799985229969
merged_f1_t370,merged,370,1,3,TVA,0.003850799985229969
merged_f1_t370,merged,370,1,3,MULTI,0.003850799985229969
merged_f1_t380,merged,380,1,0,NETSPA,0
merged_f1_t380,merged,380,1,0,TVA,0
merged_f1_t380,merged,380,1,0,MULTI,0
merged_f1_t380,merged,380,1,1,NETSPA,0.005032500019297004
merged_f1_t380,merged,380,1,1,TVA,0.005032500019297004
merged_f1_t380,merged,380,1,1,MULTI,0.005032500019297004
merged_f1_t380,merged,380,1,2,NETSPA,0.010014999978011474
merged_f1_t380,merged,380,1,2,TVA,0.010014999978011474
merged_f1_t380,merged,380,1,2,MULTI,0.010014999978011474
merged_f1_t380,merged,380,1,3,NETSPA,0.006627599999774247
merged_f1_t380,merged,380,1,3,TVA,0.006627599999774247
merged_f1_t380,merged,380,1,3,MULTI,0.006627599999774247
merged_f1_t390,merged,390,1,0,NETSPA,0
merged_f1_t390,merged,390,1,0,TVA,0
merged_f1_t390,merged,390,1,0,MULTI,0
merged_f1_t390,merged,390,1,1,NETSPA,0.003199200000381097
merged_f1_t390,merged,390,1,1,TVA,0.003199200000381097
merged_f1_t390,merged,390,1,1,MULTI,0.003199200000381097
merged_f1_t390,merged,390,1,2,NETSPA,0.007130500016501173
merged_f1_t390,merged,390,1,2,TVA,0.007130500016501173
merged_f1_t390,merged,390,1,2,MULTI,0.007130500016501173
merged_f1_t390,merged,390,1,3,NETSPA,0.003441500011831522
merged_f1_t390,merged,390,1,3,TVA,0.003441500011831522
merged_f1_t390,merged,390,1,3,MULTI,0.003441500011831522
merged_f1_t40,merged,40,1,0,NETSPA,0
merged_f1_t40,merged,40,1,0,TVA,0
merged_f1_t40,merged,40,1,0,MULTI,0
merged_f1_t40,merged,40,1,1,NETSPA,0.005338899994967505
merged_f1_t40,merged,40,1,1,TVA,0.005338899994967505
merged_f1_t40,merged,40,1,1,MULTI,0.005338899994967505
merged_f1_t40,merged,40,1,2,NETSPA,0.008764099999098107
merged_f1_t40,merged,40,1,2,TVA,0.008764099999098107
merged_f1_t40,merged,40,1,2,MULTI,0.008764099999098107
merged_f1_t40,merged,40,1,3,NETSPA,0.007532799994805828
merged_f1_t40,merged,40,1,3,TVA,0.007532799994805828
merged_f1_t40,merged,40,1,3,MULTI,0.007532799994805828
merged_f1_t400,merged,400,1,0,NETSPA,0
merged_f1_t400,merged,400,1,0,TVA,0
merged_f1_t400,merged,400,1,0,MULTI,0
merged_f1_t400,merged,400,1,1,NETSPA,0.004940999991958961
merged_f1_t400,merged,400,1,1,TVA,0.004940999991958961
merged_f1_t400,merged,400,1,1,MULTI,0.004940999991958961
merged_f1_t400,merged,400,1,2,NETSPA,0.006551800004672259
merged_f1_t400,merged,400,1,2,TVA,0.006551800004672259
merged_f1_t400,merged,400,1,2,MULTI,0.006551800004672259
merged_f1_t400,merged,400,1,3,NETSPA,0.006560100009664893
merged_f1_t400,merged,400,1,3,TVA,0.006560100009664893
merged_f1_t400,merged,400,1,3,MULTI,0.006560100009664893
merged_f1_t410,merged,410,1,0,NETSPA,0
merged_f1_t410,merged,410,1,0,TVA,0
merged_f1_t410,merged,410,1,0,MULTI,0
merged_f1_t410,merged,410,1,1,NETSPA,0.004094000003533438
merged_f1_t410,merged,410,1,1,TVA,0.004094000003533438
merged_f1_t410,merged,410,1,1,MULTI,0.004094000003533438
merged_f1_t410,merged,410,1,2,NETSPA,0.010576500004390255
merged_f1_t410,merged,410,1,2,TVA,0.010576500004390255
merged_f1_t410,merged,410,1,2,MULTI,0.010576500004390255
merged_f1_t410,merged,410,1,3,NETSPA,0.007078599999658763
merged_f1_t410,merged,410,1,3,TVA,0.007078599999658763
merged_f1_t410,merged,410,1,3,MULTI,0.007078599999658763
merged_f1_t420,merged,420,1,0,NETSPA,0
merged_f1_t420,merged,420,1,0,TVA,0
merged_f1_t420,merged,420,1,0,MULTI,0
merged_f1_t420,merged,420,1,1,NETSPA,0.005649100028676912
merged_f1_t420,merged,420,1,1,TVA,0.005649100028676912
merged_f1_t420,merged,420,1,1,MULTI,0.005649100028676912
merged_f1_t420,merged,420,1,2,NETSPA,0.01071349999983795
merged_f1_t420,merged,420,1,2,TVA,0.01071349999983795
merged_f1_t420,merged,420,1,2,MULTI,0.01071349999983795
merged_f1_t420,merged,420,1,3,NETSPA,0.0039407000003848225
merged_f1_t420,merged,420,1,3,TVA,0.0039407000003848225
merged_f1_t420,merged,420,1,3,MULTI,0.0039407000003848225
merged_f1_t428,merged,428,1,0,NETSPA,0
merged_f1_t428,merged,428,1,0,TVA,0
merged_f1_t428,merged,428,1,0,MULTI,0
merged_f1_t428,merged,428,1,1,NETSPA,0.004649200011044741
merged_f1_t428,merged,428,1,1,TVA,0.004649200011044741
merged_f1_t428,merged,428,1,1,MULTI,0.004649200011044741
merged_f1_t428,merged,428,1,2,NETSPA,0.009231200005160645
merged_f1_t428,merged,428,1,2,TVA,0.009231200005160645
merged_f1_t428,merged,428,1,2,MULTI,0.009231200005160645
merged_f1_t428,merged,428,1,3,NETSPA,0.015775399981066585
merged_f1_t428,merged,428,1,3,TVA,0.015775399981066585
merged_f1_t428,merged,428,1,3,MULTI,0.015775399981066585
merged_f1_t50,merged,50,1,0,NETSPA,0
merged_f1_t50,merged,50,1,0,TVA,0
merged_f1_t50,merged,50,1,0,MULTI,0
merged_f1_t50,merged,50,1,1,NETSPA,0.004953199997544289
merged_f1_t50,merged,50,1,1,TVA,0.004953199997544289
merged_f1_t50,merged,50,1,1,MULTI,0.004953199997544289
merged_f1_t50,merged,50,1,2,NETSPA,0.007053100009215996
merged_f1_t50,merged,50,1,2,TVA,0.007053100009215996
merged_f1_t50,merged,50,1,2,MULTI,0.007053100009215996
merged_f1_t50,merged,50,1,3,NETSPA,0.0034786999749485403
merged_f1_t50,merged,50,1,3,TVA,0.0034786999749485403
merged_f1_t50,merged,50,1,3,MULTI,0.0034786999749485403
merged_f1_t60,merged,60,1,0,NETSPA,0
merged_f1_t60,merged,60,1,0,TVA,0
merged_f1_t60,merged,60,1,0,MULTI,0
merged_f1_t60,merged,60,1,1,NETSPA,0.004380800004582852
merged_f1_t60,merged,60,1,1,TVA,0.004380800004582852
merged_f1_t60,merged,60,1,1,MULTI,0.004380800004582852
merged_f1_t60,merged,60,1,2,NETSPA,0.008982200000900775
merged_f1_t60,merged,60,1,2,TVA,0.008982200000900775
merged_f1_t60,merged,60,1,2,MULTI,0.008982200000900775
merged_f1_t60,merged,60,1,3,NETSPA,0.004219499998725951
merged_f1_t60,merged,60,1,3,TVA,0.004219499998725951
merged_f1_t60,merged,60,1,3,MULTI,0.004219499998725951
merged_f1_t70,merged,70,1,0,NETSPA,0
merged_f1_t70,merged,70,1,0,TVA,0
merged_f1_t70,merged,70,1,0,MULTI,0
merged_f1_t70,merged,70,1,1,NETSPA,0.005643899989081547
merged_f1_t70,merged,70,1,1,TVA,0.005643899989081547
merged_f1_t70,merged,70,1,1,MULTI,0.005643899989081547
merged_f1_t70,merged,70,1,2,NETSPA,0.010255400004098192
merged_f1_t70,merged,70,1,2,TVA,0.010255400004098192
merged_f1_t70,merged,70,1,2,MULTI,0.010255400004098192
merged_f1_t70,merged,70,1,3,NETSPA,0.004130299988901243
merged_f1_t70,merged,70,1,3,TVA,0.004130299988901243
merged_f1_t70,merged,70,1,3,MULTI,0.004130299988901243
merged_f1_t80,merged,80,1,0,NETSPA,0
merged_f1_t80,merged,80,1,0,TVA,0
merged_f1_t80,merged,80,1,0,MULTI,0
merged_f1_t80,merged,80,1,1,NETSPA,0.00510559999383986
merged_f1_t80,merged,80,1,1,TVA,0.00510559999383986
merged_f1_t80,merged,80,1,1,MULTI,0.00510559999383986
merged_f1_t80,merged,80,1,2,NETSPA,0.011139199981698766
merged_f1_t80,merged,80,1,2,TVA,0.011139199981698766
merged_f1_t80,merged,80,1,2,MULTI,0.011139199981698766
merged_f1_t80,merged,80,1,3,NETSPA,0.004943000007187948
merged_f1_t80,merged,80,1,3,TVA,0.004943000007187948
merged_f1_t80,merged,80,1,3,MULTI,0.004943000007187948
merged_f1_t90,merged,90,1,0,NETSPA,0
merged_f1_t90,merged,90,1,0,TVA,0
merged_f1_t90,merged,90,1,0,MULTI,0
merged_f1_t90,merged,90,1,1,NETSPA,0.0048331000143662095
merged_f1_t90,merged,90,1,1,TVA,0.0048331000143662095
merged_f1_t90,merged,90,1,1,MULTI,0.0048331000143662095
merged_f1_t90,merged,90,1,2,NETSPA,0.01858219999121502
merged_f1_t90,merged,90,1,2,TVA,0.01858219999121502
merged_f1_t90,merged,90,1,2,MULTI,0.01858219999121502
merged_f1_t90,merged,90,1,3,NETSPA,0.005341400014003739
merged_f1_t90,merged,90,1,3,TVA,0.005341400014003739
merged_f1_t90,merged,90,1,3,MULTI,0.005341400014003739
merged_f2_t0,merged,0,2,0,NETSPA,0
merged_f2_t0,merged,0,2,0,TVA,0
merged_f2_t0,merged,0,2,0,MULTI,0
merged_f2_t0,merged,0,2,1,NETSPA,0.0035967000003438443
merged_f2_t0,merged,0,2,1,TVA,0.0035967000003438443
merged_f2_t0,merged,0,2,1,MULTI,0.0035967000003438443
merged_f2_t0,merged,0,2,2,NETSPA,0.006127300002845004
merged_f2_t0,merged,0,2,2,TVA,0.006127300002845004
merged_f2_t0,merged,0,2,2,MULTI,0.006127300002845004
merged_f2_t0,merged,0,2,3,NETSPA,0.005260200006887317
merged_f2_t0,merged,0,2,3,TVA,0.005260200006887317
merged_f2_t0,merged,0,2,3,MULTI,0.005260200006887317
merged_f2_t10,merged,10,2,0,NETSPA,0
merged_f2_t10,merged,10,2,0,TVA,0
merged_f2_t10,merged,10,2,0,MULTI,0
merged_f2_t10,merged,10,2,1,NETSPA,0.0048778999771457165
merged_f2_t10,merged,10,2,1,TVA,0.0048778999771457165
merged_f2_t10,merged,10,2,1,MULTI,0.0048778999771457165
merged_f2_t10,merged,10,2,2,NETSPA,0.010194399976171553
merged_f2_t10,merged,10,2,2,TVA,0.010194399976171553
merged_f2_t10,merged,10,2,2,MULTI,0.010194399976171553
merged_f2_t10,merged,10,2,3,NETSPA,0.005890000000363216
merged_f2_t10,merged,10,2,3,TVA,0.005890000000363216
merged_f2_t10,merged,10,2,3,MULTI,0.005890000000363216
merged_f2_t100,merged,100,2,0,NETSPA,0
merged_f2_t100,merged,100,2,0,TVA,0
merged_f2_t100,merged,100,2,0,MULTI,0
merged_f2_t100,merged,100,2,1,NETSPA,0.0033076000108849257
merged_f2_t100,merged,100,2,1,TVA,0.0033076000108849257
merged_f2_t100,merged,100,2,1,MULTI,0.0033076000108849257
merged_f2_t100,merged,100,2,2,NETSPA,0.007199599989689887
merged_f2_t100,merged,100,2,2,TVA,0.007199599989689887
merged_f2_t100,merged,100,2,2,MULTI,0.007199599989689887
merged_f2_t100,merged,100,2,3,NETSPA,0.005081400013295934
merged_f2_t100,merged,100,2,3,TVA,0.005081400013295934
merged_f2_t100,merged,100,2,3,MULTI,0.005081400013295934
merged_f2_t110,merged,110,2,0,NETSPA,0
merged_f2_t110,merged,110,2,0,TVA,0
merged_f2_t110,merged,110,2,0,MULTI,0
merged_f2_t110,merged,110,2,1,NETSPA,0.003938299982110038
merged_f2_t110,merged,110,2,1,TVA,0.003938299982110038
merged_f2_t110,merged,110,2,1,MULTI,0.003938299982110038
merged_f2_t110,merged,110,2,2,NETSPA,0.008167399995727465
merged_f2_t110,merged,110,2,2,TVA,0.008167399995727465
merged_f2_t110,merged,110,2,2,MULTI,0.008167399995727465
merged_f2_t110,merged,110,2,3,NETSPA,0.0054549999767914414
merged_f2_t110,merged,110,2,3,TVA,0.0054549999767914414
merged_f2_t110,merged,110,2,3,MULTI,0.0054549999767914414
merged_f2_t120,merged,120,2,0,NETSPA,0
merged_f2_t120,merged,120,2,0,TVA,0
merged_f2_t120,merged,120,2,0,MULTI,0
merged_f2_t120,merged,120,2,1,NETSPA,0.0032020999933592975
merged_f2_t120,merged,120,2,1,TVA,0.0032020999933592975
merged_f2_t120,merged,120,2,1,MULTI,0.0032020999933592975
merged_f2_t120,merged,120,2,2,NETSPA,0.006464599980972707
merged_f2_t120,merged,120,2,2,TVA,0.006464599980972707
merged_f2_t120,merged,120,2,2,MULTI,0.006464599980972707
merged_f2_t120,merged,120,2,3,NETSPA,0.004526000004261732
merged_f2_t120,merged,120,2,3,TVA,0.004526000004261732
merged_f2_t120,merged,120,2,3,MULTI,0.004526000004261732
merged_f2_t130,merged,130,2,0,NETSPA,0
merged_f2_t130,merged,130,2,0,TVA,0
merged_f2_t130,merged,130,2,0,MULTI,0
merged_f2_t130,merged,130,2,1,NETSPA,0.0032568000024184585
merged_f2_t130,merged,130,2,1,TVA,0.0032568000024184585
merged_f2_t130,merged,130,2,1,MULTI,0.0032568000024184585
merged_f2_t130,merged,130,2,2,NETSPA,0.006082200008677319
merged_f2_t130,merged,130,2,2,TVA,0.006082200008677319
merged_f2_t130,merged,130,2,2,MULTI,0.006082200008677319
merged_f2_t130,merged,130,2,3,NETSPA,0.003989000018918887
merged_f2_t130,merged,130,2,3,TVA,0.003989000018918887
merged_f2_t130,merged,130,2,3,MULTI,0.003989000018918887
merged_f2_t140,merged,140,2,0,NETSPA,0
merged_f2_t140,merged,140,2,0,TVA,0
merged_f2_t140,merged,140,2,0,MULTI,0
merged_f2_t140,merged,140,2,1,NETSPA,0.0034149000130128115
merged_f2_t140,merged,140,2,1,TVA,0.0034149000130128115
merged_f2_t140,merged,140,2,1,MULTI,0.0034149000130128115
merged_f2_t140,merged,140,2,2,NETSPA,0.0064996999863069504
merged_f2_t140,merged,140,2,2,TVA,0.0064996999863069504
merged_f2_t140,merged,140,2,2,MULTI,0.0064996999863069504
merged_f2_t140,merged,140,2,3,NETSPA,0.003801299986662343
merged_f2_t140,merged,140,2,3,TVA,0.003801299986662343
merged_f2_t140,merged,140,2,3,MULTI,0.003801299986662343
merged_f2_t150,merged,150,2,0,NETSPA,0
merged_f2_t150,merged,150,2,0,TVA,0
merged_f2_t150,merged,150,2,0,MULTI,0
merged_f2_t150,merged,150,2,1,NETSPA,0.003033699991647154
merged_f2_t150,merged,150,2,1,TVA,0.003033699991647154
merged_f2_t150,merged,150,2,1,MULTI,0.003033699991647154
merged_f2_t150,merged,150,2,2,NETSPA,0.006228600017493591
merged_f2_t150,merged,150,2,2,TVA,0.006228600017493591
merged_f2_t150,merged,150,2,2,MULTI,0.006228600017493591
merged_f2_t150,merged,150,2,3,NETSPA,0.0035343999916221946
merged_f2_t150,merged,150,2,3,TVA,0.0035343999916221946
merged_f2_t150,merged,150,2,3,MULTI,0.0035343999916221946
merged_f2_t160,merged,160,2,0,NETSPA,0
merged_f2_t160,merged,160,2,0,TVA,0
merged_f2_t160,merged,160,2,0,MULTI,0
merged_f2_t160,merged,160,2,1,NETSPA,0.0030270999995991588
merged_f2_t160,merged,160,2,1,TVA,0.0030270999995991588
merged_f2_t160,merged,160,2,1,MULTI,0.0030270999995991588
merged_f2_t160,merged,160,2,2,NETSPA,0.005941799987340346
merged_f2_t160,merged,160,2,2,TVA,0.005941799987340346
merged_f2_t160,merged,160,2,2,MULTI,0.005941799987340346
merged_f2_t160,merged,160,2,3,NETSPA,0.003550800000084564
merged_f2_t160,merged,160,2,3,TVA,0.003550800000084564
merged_f2_t160,merged,160,2,3,MULTI,0.003550800000084564
merged_f2_t170,merged,170,2,0,NETSPA,0
merged_f2_t170,merged,170,2,0,TVA,0
merged_f2_t170,merged,170,2,0,MULTI,0
merged_f2_t170,merged,170,2,1,NETSPA,0.003097200009506196
merged_f2_t170,merged,170,2,1,TVA,0.003097200009506196
merged_f2_t170,merged,170,2,1,MULTI,0.003097200009506196
merged_f2_t170,merged,170,2,2,NETSPA,0.006353499979013577
merged_f2_t170,merged,170,2,2,TVA,0.006353499979013577
merged_f2_t170,merged,170,2,2,MULTI,0.006353499979013577
merged_f2_t170,merged,170,2,3,NETSPA,0.003969899989897385
merged_f2_t170,merged,170,2,3,TVA,0.003969899989897385
merged_f2_t170,merged,170,2,3,MULTI,0.003969899989897385
merged_f2_t180,merged,180,2,0,NETSPA,0
merged_f2_t180,merged,180,2,0,TVA,0
merged_f2_t180,merged,180,2,0,MULTI,0
merged_f2_t180,merged,180,2,1,NETSPA,0.002986699983011931
merged_f2_t180,merged,180,2,1,TVA,0.002986699983011931
merged_f2_t180,merged,180,2,1,MULTI,0.002986699983011931
merged_f2_t180,merged,180,2,2,NETSPA,0.006274400016991422
merged_f2_t180,merged,180,2,2,TVA,0.006274400016991422
merged_f2_t180,merged,180,2,2,MULTI,0.006274400016991422
merged_f2_t180,merged,180,2,3,NETSPA,0.0038435999886132777
merged_f2_t180,merged,180,2,3,TVA,0.0038435999886132777
merged_f2_t180,merged,180,2,3,MULTI,0.0038435999886132777
merged_f2_t190,merged,190,2,0,NETSPA,0
merged_f2_t190,merged,190,2,0,TVA,0
merged_f2_t190,merged,190,2,0,MULTI,0
merged_f2_t190,merged,190,2,1,NETSPA,0.0029715000127907842
merged_f2_t190,merged,190,2,1,TVA,0.0029715000127907842
merged_f2_t190,merged,190,2,1,MULTI,0.0029715000127907842
merged_f2_t190,merged,190,2,2,NETSPA,0.005950899998424575
merged_f2_t190,merged,190,2,2,TVA,0.005950899998424575
merged_f2_t190,merged,190,2,2,MULTI,0.005950899998424575
merged_f2_t190,merged,190,2,3,NETSPA,0.0035017999762203544
merged_f2_t190,merged,190,2,3,TVA,0.0035017999762203544
merged_f2_t190,merged,190,2,3,MULTI,0.0035017999762203544
merged_f2_t194,merged,194,2,0,NETSPA,0
merged_f2_t194,merged,194,2,0,TVA,0
merged_f2_t194,merged,194,2,0,MULTI,0
merged_f2_t194,merged,194,2,1,NETSPA,0.0030719999922439456
merged_f2_t194,merged,194,2,1,TVA,0.0030719999922439456
merged_f2_t194,merged,194,2,1,MULTI,0.0030719999922439456
merged_f2_t194,merged,194,2,2,NETSPA,0.006228199985343963
merged_f2_t194,merged,194,2,2,TVA,0.006228199985343963
merged_f2_t194,merged,194,2,2,MULTI,0.006228199985343963
merged_f2_t194,merged,194,2,3,NETSPA,0.003598100011004135
merged_f2_t194,merged,194,2,3,TVA,0.003598100011004135
merged_f2_t194,merged,194,2,3,MULTI,0.003598100011004135
merged_f2_t20,merged,20,2,0,NETSPA,0
merged_f2_t20,merged,20,2,0,TVA,0
merged_f2_t20,merged,20,2,0,MULTI,0
merged_f2_t20,merged,20,2,1,NETSPA,0.0029072000179439783
merged_f2_t20,merged,20,2,1,TVA,0.0029072000179439783
merged_f2_t20,merged,20,2,1,MULTI,0.0029072000179439783
merged_f2_t20,merged,20,2,2,NETSPA,0.006432200025301427
merged_f2_t20,merged,20,2,2,TVA,0.006432200025301427
merged_f2_t20,merged,20,2,2,MULTI,0.006432200025301427
merged_f2_t20,merged,20,2,3,NETSPA,0.0035339999885763973
merged_f2_t20,merged,20,2,3,TVA,0.0035339999885763973
merged_f2_t20,merged,20,2,3,MULTI,0.0035339999885763973
merged_f2_t30,merged,30,2,0,NETSPA,0
merged_f2_t30,merged,30,2,0,TVA,0
merged_f2_t30,merged,30,2,0,MULTI,0
merged_f2_t30,merged,30,2,1,NETSPA,0.0030687999969813973
merged_f2_t30,merged,30,2,1,TVA,0.0030687999969813973
merged_f2_t30,merged,30,2,1,MULTI,0.0030687999969813973
merged_f2_t30,merged,30,2,2,NETSPA,0.006060199986677617
merged_f2_t30,merged,30,2,2,TVA,0.006060199986677617
merged_f2_t30,merged,30,2,2,MULTI,0.006060199986677617
merged_f2_t30,merged,30,2,3,NETSPA,0.0036595999845303595
merged_f2_t30,merged,30,2,3,TVA,0.0036595999845303595
merged_f2_t30,merged,30,2,3,MULTI,0.0036595999845303595
merged_f2_t40,merged,40,2,0,NETSPA,0
merged_f2_t40,merged,40,2,0,TVA,0
merged_f2_t40,merged,40,2,0,MULTI,0
merged_f2_t40,merged,40,2,1,NETSPA,0.0030501000001095235
merged_f2_t40,merged,40,2,1,TVA,0.0030501000001095235
merged_f2_t40,merged,40,2,1,MULTI,0.0030501000001095235
merged_f2_t40,merged,40,2,2,NETSPA,0.0064292000024579465
merged_f2_t40,merged,40,2,2,TVA,0.0064292000024579465
merged_f2_t40,merged,40,2,2,MULTI,0.0064292000024579465
merged_f2_t40,merged,40,2,3,NETSPA,0.004443999991053715
merged_f2_t40,merged,40,2,3,TVA,0.004443999991053715
merged_f2_t40,merged,40,2,3,MULTI,0.004443999991053715
merged_f2_t50,merged,50,2,0,NETSPA,0
merged_f2_t50,merged,50,2,0,TVA,0
merged_f2_t50,merged,50,2,0,MULTI,0
merged_f2_t50,merged,50,2,1,NETSPA,0.0038985999999567866
merged_f2_t50,merged,50,2,1,TVA,0.0038985999999567866
merged_f2_t50,merged,50,2,1,MULTI,0.0038985999999567866
merged_f2_t50,merged,50,2,2,NETSPA,0.009676699992269278
merged_f2_t50,merged,50,2,2,TVA,0.009676699992269278
merged_f2_t50,merged,50,2,2,MULTI,0.009676699992269278
merged_f2_t50,merged,50,2,3,NETSPA,0.006173300003865734
merged_f2_t50,merged,50,2,3,TVA,0.006173300003865734
merged_f2_t50,merged,50,2,3,MULTI,0.006173300003865734
merged_f2_t60,merged,60,2,0,NETSPA,0
merged_f2_t60,merged,60,2,0,TVA,0
merged_f2_t60,merged,60,2,0,MULTI,0
merged_f2_t60,merged,60,2,1,NETSPA,0.007992700004251674
merged_f2_t60,merged,60,2,1,TVA,0.007992700004251674
merged_f2_t60,merged,60,2,1,MULTI,0.007992700004251674
merged_f2_t60,merged,60,2,2,NETSPA,0.007968499994603917
merged_f2_t60,merged,60,2,2,TVA,0.007968499994603917
merged_f2_t60,merged,60,2,2,MULTI,0.007968499994603917
merged_f2_t60,merged,60,2,3,NETSPA,0.003486100002191961
merged_f2_t60,merged,60,2,3,TVA,0.003486100002191961
merged_f2_t60,merged,60,2,3,MULTI,0.003486100002191961
merged_f2_t70,merged,70,2,0,NETSPA,0
merged_f2_t70,merged,70,2,0,TVA,0
merged_f2_t70,merged,70,2,0,MULTI,0
merged_f2_t70,merged,70,2,1,NETSPA,0.0040191999869421124
merged_f2_t70,merged,70,2,1,TVA,0.0040191999869421124
merged_f2_t70,merged,70,2,1,MULTI,0.0040191999869421124
merged_f2_t70,merged,70,2,2,NETSPA,0.01606629998423159
merged_f2_t70,merged,70,2,2,TVA,0.01606629998423159
merged_f2_t70,merged,70,2,2,MULTI,0.01606629998423159
merged_f2_t70,merged,70,2,3,NETSPA,0.0056788999936543405
merged_f2_t70,merged,70,2,3,TVA,0.0056788999936543405
merged_f2_t70,merged,70,2,3,MULTI,0.0056788999936543405
merged_f2_t80,merged,80,2,0,NETSPA,0
merged_f2_t80,merged,80,2,0,TVA,0
merged_f2_t80,merged,80,2,0,MULTI,0
merged_f2_t80,merged,80,2,1,NETSPA,0.0049226999981328845
merged_f2_t80,merged,80,2,1,TVA,0.0049226999981328845
merged_f2_t80,merged,80,2,1,MULTI,0.0049226999981328845
merged_f2_t80,merged,80,2,2,NETSPA,0.011201899993466213
merged_f2_t80,merged,80,2,2,TVA,0.011201899993466213
merged_f2_t80,merged,80,2,2,MULTI,0.011201899993466213
merged_f2_t80,merged,80,2,3,NETSPA,0.00663170000188984
merged_f2_t80,merged,80,2,3,TVA,0.00663170000188984
merged_f2_t80,merged,80,2,3,MULTI,0.00663170000188984
merged_f2_t90,merged,90,2,0,NETSPA,0
merged_f2_t90,merged,90,2,0,TVA,0
merged_f2_t90,merged,90,2,0,MULTI,0
merged_f2_t90,merged,90,2,1,NETSPA,0.004694599978392944
merged_f2_t90,merged,90,2,1,TVA,0.004694599978392944
merged_f2_t90,merged,90,2,1,MULTI,0.004694599978392944
merged_f2_t90,merged,90,2,2,NETSPA,0.007639399991603568
merged_f2_t90,merged,90,2,2,TVA,0.007639399991603568
merged_f2_t90,merged,90,2,2,MULTI,0.007639399991603568
merged_f2_t90,merged,90,2,3,NETSPA,0.003721299988683313
merged_f2_t90,merged,90,2,3,TVA,0.003721299988683313
merged_f2_t90,merged,90,2,3,MULTI,0.003721299988683313
merged_f3_t0,merged,0,3,0,NETSPA,0
merged_f3_t0,merged,0,3,0,TVA,0
merged_f3_t0,merged,0,3,0,MULTI,0
merged_f3_t0,merged,0,3,1,NETSPA,0.005669200007105246
merged_f3_t0,merged,0,3,1,TVA,0.005669200007105246
merged_f3_t0,merged,0,3,1,MULTI,0.005669200007105246
merged_f3_t0,merged,0,3,2,NETSPA,0.008232499996665865
merged_f3_t0,merged,0,3,2,TVA,0.008232499996665865
merged_f3_t0,merged,0,3,2,MULTI,0.008232499996665865
merged_f3_t0,merged,0,3,3,NETSPA,0.00577240000711754
merged_f3_t0,merged,0,3,3,TVA,0.00577240000711754
merged_f3_t0,merged,0,3,3,MULTI,0.00577240000711754
merged_f3_t10,merged,10,3,0,NETSPA,0
merged_f3_t10,merged,10,3,0,TVA,0
merged_f3_t10,merged,10,3,0,MULTI,0
merged_f3_t10,merged,10,3,1,NETSPA,0.0037148999981582165
merged_f3_t10,merged,10,3,1,TVA,0.0037148999981582165
merged_f3_t10,merged,10,3,1,MULTI,0.0037148999981582165
merged_f3_t10,merged,10,3,2,NETSPA,0.008894400001736358
merged_f3_t10,merged,10,3,2,TVA,0.008894400001736358
merged_f3_t10,merged,10,3,2,MULTI,0.008894400001736358
merged_f3_t10,merged,10,3,3,NETSPA,0.005901700002141297
merged_f3_t10,merged,10,3,3,TVA,0.005901700002141297
merged_f3_t10,merged,10,3,3,MULTI,0.005901700002141297
merged_f3_t20,merged,20,3,0,NETSPA,0
merged_f3_t20,merged,20,3,0,TVA,0
merged_f3_t20,merged,20,3,0,MULTI,0
merged_f3_t20,merged,20,3,1,NETSPA,0.004802000010386109
merged_f3_t20,merged,20,3,1,TVA,0.004802000010386109
merged_f3_t20,merged,20,3,1,MULTI,0.004802000010386109
merged_f3_t20,merged,20,3,2,NETSPA,0.007358599978033453
merged_f3_t20,merged,20,3,2,TVA,0.007358599978033453
merged_f3_t20,merged,20,3,2,MULTI,0.007358599978033453
merged_f3_t20,merged,20,3,3,NETSPA,0.0062209999887272716
merged_f3_t20,merged,20,3,3,TVA,0.0062209999887272716
merged_f3_t20,merged,20,3,3,MULTI,0.0062209999887272716
merged_f3_t30,merged,30,3,0,NETSPA,0
merged_f3_t30,merged,30,3,0,TVA,0
merged_f3_t30,merged,30,3,0,MULTI,0
merged_f3_t30,merged,30,3,1,NETSPA,0.004727199993794784
merged_f3_t30,merged,30,3,1,TVA,0.004727199993794784
merged_f3_t30,merged,30,3,1,MULTI,0.004727199993794784
merged_f3_t30,merged,30,3,2,NETSPA,0.009477099985815585
merged_f3_t30,merged,30,3,2,TVA,0.009477099985815585
merged_f3_t30,merged,30,3,2,MULTI,0.009477099985815585
merged_f3_t30,merged,30,3,3,NETSPA,0.005482700013089925
merged_f3_t30,merged,30,3,3,TVA,0.005482700013089925
merged_f3_t30,merged,30,3,3,MULTI,0.005482700013089925
merged_f3_t40,merged,40,3,0,NETSPA,0
merged_f3_t40,merged,40,3,0,TVA,0
merged_f3_t40,merged,40,3,0,MULTI,0
merged_f3_t40,merged,40,3,1,NETSPA,0.004205299977911636
merged_f3_t40,merged,40,3,1,TVA,0.004205299977911636
merged_f3_t40,merged,40,3,1,MULTI,0.004205299977911636
merged_f3_t40,merged,40,3,2,NETSPA,0.01007039999240078
merged_f3_t40,merged,40,3,2,TVA,0.01007039999240078
merged_f3_t40,merged,40,3,2,MULTI,0.01007039999240078
merged_f3_t40,merged,40,3,3,NETSPA,0.00581240002065897
merged_f3_t40,merged,40,3,3,TVA,0.00581240002065897
merged_f3_t40,merged,40,3,3,MULTI,0.00581240002065897
merged_f3_t50,merged,50,3,0,NETSPA,0
merged_f3_t50,merged,50,3,0,TVA,0
merged_f3_t50,merged,50,3,0,MULTI,0
merged_f3_t50,merged,50,3,1,NETSPA,0.0030085000034887344
merged_f3_t50,merged,50,3,1,TVA,0.0030085000034887344
merged_f3_t50,merged,50,3,1,MULTI,0.0030085000034887344
merged_f3_t50,merged,50,3,2,NETSPA,0.0068549000134225935
merged_f3_t50,merged,50,3,2,TVA,0.0068549000134225935
merged_f3_t50,merged,50,3,2,MULTI,0.0068549000134225935
merged_f3_t50,merged,50,3,3,NETSPA,0.0036885000008624047
merged_f3_t50,merged,50,3,3,TVA,0.0036885000008624047
merged_f3_t50,merged,50,3,3,MULTI,0.0036885000008624047
merged_f3_t60,merged,60,3,0,NETSPA,0
merged_f3_t60,merged,60,3,0,TVA,0
merged_f3_t60,merged,60,3,0,MULTI,0
merged_f3_t60,merged,60,3,1,NETSPA,0.005927299993345514
merged_f3_t60,merged,60,3,1,TVA,0.005927299993345514
merged_f3_t60,merged,60,3,1,MULTI,0.005927299993345514
merged_f3_t60,merged,60,3,2,NETSPA,0.00784069998189807
merged_f3_t60,merged,60,3,2,TVA,0.00784069998189807
merged_f3_t60,merged,60,3,2,MULTI,0.00784069998189807
merged_f3_t60,merged,60,3,3,NETSPA,0.005141000001458451
merged_f3_t60,merged,60,3,3,TVA,0.005141000001458451
merged_f3_t60,merged,60,3,3,MULTI,0.005141000001458451
merged_f4_t0,merged,0,4,0,NETSPA,0
merged_f4_t0,merged,0,4,0,TVA,0
merged_f4_t0,merged,0,4,0,MULTI,0
merged_f4_t0,merged,0,4,1,NETSPA,0.0033210999972652644
merged_f4_t0,merged,0,4,1,TVA,0.0033210999972652644
merged_f4_t0,merged,0,4,1,MULTI,0.0033210999972652644
merged_f4_t0,merged,0,4,2,NETSPA,0.006478700001025572
merged_f4_t0,merged,0,4,2,TVA,0.006478700001025572
merged_f4_t0,merged,0,4,2,MULTI,0.006478700001025572
merged_f4_t0,merged,0,4,3,NETSPA,0.0037868999934289604
merged_f4_t0,merged,0,4,3,TVA,0.0037868999934289604
merged_f4_t0,merged,0,4,3,MULTI,0.0037868999934289604
merged_f4_t10,merged,10,4,0,NETSPA,0
merged_f4_t10,merged,10,4,0,TVA,0
merged_f4_t10,merged,10,4,0,MULTI,0
merged_f4_t10,merged,10,4,1,NETSPA,0.0049470999801997095
merged_f4_t10,merged,10,4,1,TVA,0.0049470999801997095
merged_f4_t10,merged,10,4,1,MULTI,0.0049470999801997095
merged_f4_t10,merged,10,4,2,NETSPA,0.009884500002954155
merged_f4_t10,merged,10,4,2,TVA,0.009884500002954155
merged_f4_t10,merged,10,4,2,MULTI,0.009884500002954155
merged_f4_t10,merged,10,4,3,NETSPA,0.009636599977966398
merged_f4_t10,merged,10,4,3,TVA,0.009636599977966398
merged_f4_t10,merged,10,4,3,MULTI,0.009636599977966398
merged_f4_t20,merged,20,4,0,NETSPA,0
merged_f4_t20,merged,20,4,0,TVA,0
merged_f4_t20,merged,20,4,0,MULTI,0
merged_f4_t20,merged,20,4,1,NETSPA,0.0052214000024832785
merged_f4_t20,merged,20,4,1,TVA,0.0052214000024832785
merged_f4_t20,merged,20,4,1,MULTI,0.0052214000024832785
merged_f4_t20,merged,20,4,2,NETSPA,0.019919399986974895
merged_f4_t20,merged,20,4,2,TVA,0.019919399986974895
merged_f4_t20,merged,20,4,2,MULTI,0.019919399986974895
merged_f4_t20,merged,20,4,3,NETSPA,0.004996999981813133
merged_f4_t20,merged,20,4,3,TVA,0.004996999981813133
merged_f4_t20,merged,20,4,3,MULTI,0.004996999981813133
merged_f4_t30,merged,30,4,0,NETSPA,0
merged_f4_t30,merged,30,4,0,TVA,0
merged_f4_t30,merged,30,4,0,MULTI,0
merged_f4_t30,merged,30,4,1,NETSPA,0.008679399994434789
merged_f4_t30,merged,30,4,1,TVA,0.008679399994434789
merged_f4_t30,merged,30,4,1,MULTI,0.008679399994434789
merged_f4_t30,merged,30,4,2,NETSPA,0.015376900002593175
merged_f4_t30,merged,30,4,2,TVA,0.015376900002593175
merged_f4_t30,merged,30,4,2,MULTI,0.015376900002593175
merged_f4_t30,merged,30,4,3,NETSPA,0.007137799984775484
merged_f4_t30,merged,30,4,3,TVA,0.007137799984775484
merged_f4_t30,merged,30,4,3,MULTI,0.007137799984775484
merged_f4_t40,merged,40,4,0,NETSPA,0
merged_f4_t40,merged,40,4,0,TVA,0
merged_f4_t40,merged,40,4,0,MULTI,0
merged_f4_t40,merged,40,4,1,NETSPA,0.007836700009647757
merged_f4_t40,merged,40,4,1,TVA,0.007836700009647757
merged_f4_t40,merged,40,4,1,MULTI,0.007836700009647757
merged_f4_t40,merged,40,4,2,NETSPA,0.013572400028351694
merged_f4_t40,merged,40,4,2,TVA,0.013572400028351694
merged_f4_t40,merged,40,4,2,MULTI,0.013572400028351694
merged_f4_t40,merged,40,4,3,NETSPA,0.008417199976975098
merged_f4_t40,merged,40,4,3,TVA,0.008417199976975098
merged_f4_t40,merged,40,4,3,MULTI,0.008417199976975098
merged_f4_t50,merged,50,4,0,NETSPA,0
merged_f4_t50,merged,50,4,0,TVA,0
merged_f4_t50,merged,50,4,0,MULTI,0
merged_f4_t50,merged,50,4,1,NETSPA,0.007813800009898841
merged_f4_t50,merged,50,4,1,TVA,0.007813800009898841
merged_f4_t50,merged,50,4,1,MULTI,0.007813800009898841
merged_f4_t50,merged,50,4,2,NETSPA,0.010009099991293624
merged_f4_t50,merged,50,4,2,TVA,0.010009099991293624
merged_f4_t50,merged,50,4,2,MULTI,0.010009099991293624
merged_f4_t50,merged,50,4,3,NETSPA,0.004787600017152727
merged_f4_t50,merged,50,4,3,TVA,0.004787600017152727
merged_f4_t50,merged,50,4,3,MULTI,0.004787600017152727
merged_f4_t60,merged,60,4,0,NETSPA,0
merged_f4_t60,merged,60,4,0,TVA,0
merged_f4_t60,merged,60,4,0,MULTI,0
merged_f4_t60,merged,60,4,1,NETSPA,0.008273799991002306
merged_f4_t60,merged,60,4,1,TVA,0.008273799991002306
merged_f4_t60,merged,60,4,1,MULTI,0.008273799991002306
merged_f4_t60,merged,60,4,2,NETSPA,0.01679970000986941
merged_f4_t60,merged,60,4,2,TVA,0.01679970000986941
merged_f4_t60,merged,60,4,2,MULTI,0.01679970000986941
merged_f4_t60,merged,60,4,3,NETSPA,0.007808700000168756
merged_f4_t60,merged,60,4,3,TVA,0.007808700000168756
merged_f4_t60,merged,60,4,3,MULTI,0.007808700000168756
merged_f4_t70,merged,70,4,0,NETSPA,0
merged_f4_t70,merged,70,4,0,TVA,0
merged_f4_t70,merged,70,4,0,MULTI,0
merged_f4_t70,merged,70,4,1,NETSPA,0.009160500019788742
merged_f4_t70,merged,70,4,1,TVA,0.009160500019788742
merged_f4_t70,merged,70,4,1,MULTI,0.009160500019788742
merged_f4_t70,merged,70,4,2,NETSPA,0.01650499997776933
merged_f4_t70,merged,70,4,2,TVA,0.01650499997776933
merged_f4_t70,merged,70,4,2,MULTI,0.01650499997776933
merged_f4_t70,merged,70,4,3,NETSPA,0.008813000022200868
merged_f4_t70,merged,70,4,3,TVA,0.008813000022200868
merged_f4_t70,merged,70,4,3,MULTI,0.008813000022200868
merged_f4_t73,merged,73,4,0,NETSPA,0
merged_f4_t73,merged,73,4,0,TVA,0
merged_f4_t73,merged,73,4,0,MULTI,0
merged_f4_t73,merged,73,4,1,NETSPA,0.008233600005041808
merged_f4_t73,merged,73,4,1,TVA,0.008233600005041808
merged_f4_t73,merged,73,4,1,MULTI,0.008233600005041808
merged_f4_t73,merged,73,4,2,NETSPA,0.01729609997710213
merged_f4_t73,merged,73,4,2,TVA,0.01729609997710213
merged_f4_t73,merged,73,4,2,MULTI,0.01729609997710213
merged_f4_t73,merged,73,4,3,NETSPA,0.009721000009449199
merged_f4_t73,merged,73,4,3,TVA,0.009721000009449199
merged_f4_t73,merged,73,4,3,MULTI,0.009721000009449199
merged_f5_t0,merged,0,5,0,NETSPA,0
merged_f5_t0,merged,0,5,0,TVA,0
merged_f5_t0,merged,0,5,0,MULTI,0
merged_f5_t0,merged,0,5,1,NETSPA,0.0087370999972336
merged_f5_t0,merged,0,5,1,TVA,0.0087370999972336
merged_f5_t0,merged,0,5,1,MULTI,0.0087370999972336
merged_f5_t0,merged,0,5,2,NETSPA,0.015503999980865046
merged_f5_t0,merged,0,5,2,TVA,0.015503999980865046
merged_f5_t0,merged,0,5,2,MULTI,0.015503999980865046
merged_f5_t0,merged,0,5,3,NETSPA,0.004211299994494766
merged_f5_t0,merged,0,5,3,TVA,0.004211299994494766
merged_f5_t0,merged,0,5,3,MULTI,0.004211299994494766
merged_f5_t10,merged,10,5,0,NETSPA,0
merged_f5_t10,merged,10,5,0,TVA,0
merged_f5_t10,merged,10,5,0,MULTI,0
merged_f5_t10,merged,10,5,1,NETSPA,0.00849860001471825
merged_f5_t10,merged,10,5,1,TVA,0.00849860001471825
merged_f5_t10,merged,10,5,1,MULTI,0.00849860001471825
merged_f5_t10,merged,10,5,2,NETSPA,0.013890400005038828
merged_f5_t10,merged,10,5,2,TVA,0.013890400005038828
merged_f5_t10,merged,10,5,2,MULTI,0.013890400005038828
merged_f5_t10,merged,10,5,3,NETSPA,0.0053666000021621585
merged_f5_t10,merged,10,5,3,TVA,0.0053666000021621585
merged_f5_t10,merged,10,5,3,MULTI,0.0053666000021621585
merged_f5_t20,merged,20,5,0,NETSPA,0
merged_f5_t20,merged,20,5,0,TVA,0
merged_f5_t20,merged,20,5,0,MULTI,0
merged_f5_t20,merged,20,5,1,NETSPA,0.006636400008574128
merged_f5_t20,merged,20,5,1,TVA,0.006636400008574128
merged_f5_t20,merged,20,5,1,MULTI,0.006636400008574128
merged_f5_t20,merged,20,5,2,NETSPA,0.013480599998729303
merged_f5_t20,merged,20,5,2,TVA,0.013480599998729303
merged_f5_t20,merged,20,5,2,MULTI,0.013480599998729303
merged_f5_t20,merged,20,5,3,NETSPA,0.011046200001146644
merged_f5_t20,merged,20,5,3,TVA,0.011046200001146644
merged_f5_t20,merged,20,5,3,MULTI,0.011046200001146644
merged_f5_t30,merged,30,5,0,NETSPA,0
merged_f5_t30,merged,30,5,0,TVA,0
merged_f5_t30,merged,30,5,0,MULTI,0
merged_f5_t30,merged,30,5,1,NETSPA,0.007320800010347739
merged_f5_t30,merged,30,5,1,TVA,0.007320800010347739
merged_f5_t30,merged,30,5,1,MULTI,0.007320800010347739
merged_f5_t30,merged,30,5,2,NETSPA,0.016586000012466684
merged_f5_t30,merged,30,5,2,TVA,0.016586000012466684
merged_f5_t30,merged,30,5,2,MULTI,0.016586000012466684
merged_f5_t30,merged,30,5,3,NETSPA,0.010468599997693673
merged_f5_t30,merged,30,5,3,TVA,0.010468599997693673
merged_f5_t30,merged,30,5,3,MULTI,0.010468599997693673
merged_f5_t40,merged,40,5,0,NETSPA,0
merged_f5_t40,merged,40,5,0,TVA,0
merged_f5_t40,merged,40,5,0,MULTI,0
merged_f5_t40,merged,40,5,1,NETSPA,0.007925399986561388
merged_f5_t40,merged,40,5,1,TVA,0.007925399986561388
merged_f5_t40,merged,40,5,1,MULTI,0.007925399986561388
merged_f5_t40,merged,40,5,2,NETSPA,0.01590629998827353
merged_f5_t40,merged,40,5,2,TVA,0.01590629998827353
merged_f5_t40,merged,40,5,2,MULTI,0.01590629998827353
merged_f5_t40,merged,40,5,3,NETSPA,0.00781700000516139
merged_f5_t40,merged,40,5,3,TVA,0.00781700000516139
merged_f5_t40,merged,40,5,3,MULTI,0.00781700000516139
merged_f5_t50,merged,50,5,0,NETSPA,0
merged_f5_t50,merged,50,5,0,TVA,0
merged_f5_t50,merged,50,5,0,MULTI,0
merged_f5_t50,merged,50,5,1,NETSPA,0.005643600015901029
merged_f5_t50,merged,50,5,1,TVA,0.005643600015901029
merged_f5_t50,merged,50,5,1,MULTI,0.005643600015901029
merged_f5_t50,merged,50,5,2,NETSPA,0.01797789998818189
merged_f5_t50,merged,50,5,2,TVA,0.01797789998818189
merged_f5_t50,merged,50,5,2,MULTI,0.01797789998818189
merged_f5_t50,merged,50,5,3,NETSPA,0.004903699998976663
merged_f5_t50,merged,50,5,3,TVA,0.004903699998976663
merged_f5_t50,merged,50,5,3,MULTI,0.004903699998976663
merged_f5_t60,merged,60,5,0,NETSPA,0
merged_f5_t60,merged,60,5,0,TVA,0
merged_f5_t60,merged,60,5,0,MULTI,0
merged_f5_t60,merged,60,5,1,NETSPA,0.010386900015873834
merged_f5_t60,merged,60,5,1,TVA,0.010386900015873834
merged_f5_t60,merged,60,5,1,MULTI,0.010386900015873834
merged_f5_t60,merged,60,5,2,NETSPA,0.021778499998617917
merged_f5_t60,merged,60,5,2,TVA,0.021778499998617917
merged_f5_t60,merged,60,5,2,MULTI,0.021778499998617917
merged_f5_t60,merged,60,5,3,NETSPA,0.011556999990716577
merged_f5_t60,merged,60,5,3,TVA,0.011556999990716577
merged_f5_t60,merged,60,5,3,MULTI,0.011556999990716577
merged_f5_t70,merged,70,5,0,NETSPA,0
merged_f5_t70,merged,70,5,0,TVA,0
merged_f5_t70,merged,70,5,0,MULTI,0
merged_f5_t70,merged,70,5,1,NETSPA,0.005598300020210445
merged_f5_t70,merged,70,5,1,TVA,0.005598300020210445
merged_f5_t70,merged,70,5,1,MULTI,0.005598300020210445
merged_f5_t70,merged,70,5,2,NETSPA,0.0172473999846261
merged_f5_t70,merged,70,5,2,TVA,0.0172473999846261
merged_f5_t70,merged,70,5,2,MULTI,0.0172473999846261
merged_f5_t70,merged,70,5,3,NETSPA,0.004688999993959442
merged_f5_t70,merged,70,5,3,TVA,0.004688999993959442
merged_f5_t70,merged,70,5,3,MULTI,0.004688999993959442
merged_f5_t71,merged,71,5,0,NETSPA,0
merged_f5_t71,merged,71,5,0,TVA,0
merged_f5_t71,merged,71,5,0,MULTI,0
merged_f5_t71,merged,71,5,1,NETSPA,0.005816899996716529
merged_f5_t71,merged,71,5,1,TVA,0.005816899996716529
merged_f5_t71,merged,71,5,1,MULTI,0.005816899996716529
merged_f5_t71,merged,71,5,2,NETSPA,0.012607200013007969
merged_f5_t71,merged,71,5,2,TVA,0.012607200013007969
merged_f5_t71,merged,71,5,2,MULTI,0.012607200013007969
merged_f5_t71,merged,71,5,3,NETSPA,0.006402800005162135
merged_f5_t71,merged,71,5,3,TVA,0.006402800005162135
merged_f5_t71,merged,71,5,3,MULTI,0.006402800005162135
